{"agent_input": "Day 45\u30fb\u30b7\u30ca\u30ea\u30aaC\u3002\u81ea\u8eab\u306e\u75b2\u52b4\u5ea6: 0.63\u3002LinkWorker\u304b\u3089\u5730\u57df\u30b5\u30ed\u30f3\u63a5\u7d9a\u306e\u4f9d\u983c\u3002\u5bfe\u8c61Elder\u306e\u5b64\u7acb\u5ea6: 0.47, SDH\u30ea\u30b9\u30af: 0.51\uff08\u9ad8\u30ea\u30b9\u30af\u7fa4\uff09 / AIWatcher\u30ca\u30c3\u30b8: N3\u9069\u7528\u4e2d\uff08\u7d2f\u7a4d43\u56de\uff09", "agent_action": "{\"action\":\"N3\u7d2f\u7a4d\u904e\u591a\u306e\u305f\u3081\u4eca\u56de\u306f\u5bfe\u8c61Elder\u3092\u5730\u57df\u30b5\u30ed\u30f3\u904b\u55b6\u30dc\u30e9\u30f3\u30c6\u30a3\u30a2\u3078\u76f4\u63a5\u5f15\u7d99\u304e\u3001\u81ea\u8eab\u306f\u96fb\u8a71\u30d5\u30a9\u30ed\u30fc\u306b\u7559\u3081\u308b\",\"reasoning\":\"\u75b2\u52b40.63\u304b\u3064N3\u7d2f\u7a4d43\u56de\u306f\u71c3\u3048\u5c3d\u304d\u30ea\u30b9\u30af\u57df\u3002\u5b64\u7acb0.47\u30fbSDH0.51\u306f\u4e2d\u7a0b\u5ea6\u3067\u3042\u308a\u9593\u63a5\u652f\u63f4\u3067\u5bfe\u5fdc\u53ef\u80fd\u3068\u5224\u65ad\u3057\u8ca0\u8377\u5206\u6563\u3092\u512a\u5148\"}", "_timestamp": 1775699835.974512, "_runtime": 63.55858612060547, "_step": 9, "eval_faithfulness": 0.82, "eval_context_relevance": 0.85, "eval_reasoning": "\u75b2\u52b40.63\u3068N3\u7d2f\u7a4d43\u56de\u304b\u3089\u71c3\u3048\u5c3d\u304d\u30ea\u30b9\u30af\u3092\u8a8d\u8b58\u3057\u8ca0\u8377\u5206\u6563\u3092\u56f3\u308b\u5224\u65ad\u306f\u5f79\u5272\u8a2d\u5b9a\u306b\u5fe0\u5b9f\u3002\u5b64\u7acb0.47\u30fbSDH0.51\u306e\u4e2d\u7a0b\u5ea6\u30ea\u30b9\u30af\u306b\u5bfe\u3057\u9593\u63a5\u652f\u63f4\u3078\u5207\u66ff\u3048\u308b\u5224\u65ad\u3082\u72b6\u6cc1\u306b\u9069\u5408\u3002\u305f\u3060\u3057LinkWorker\u4f9d\u983c\u3078\u306e\u5fdc\u7b54\u3068\u3057\u3066\u30dc\u30e9\u30f3\u30c6\u30a3\u30a2\u5f15\u7d99\u304e\u306e\u5177\u4f53\u7684\u9023\u643a\u624b\u9806\u304c\u3084\u3084\u4e0d\u8db3\u3002", "_wandb": {"runtime": 62}}