{"agent_input": "Day 45\u30fb\u30b7\u30ca\u30ea\u30aaC\u3002\u81ea\u8eab\u306e\u75b2\u52b4\u5ea6: 0.63\u3002LinkWorker\u304b\u3089\u5730\u57df\u30b5\u30ed\u30f3\u63a5\u7d9a\u306e\u4f9d\u983c\u3002\u5bfe\u8c61Elder\u306e\u5b64\u7acb\u5ea6: 0.47, SDH\u30ea\u30b9\u30af: 0.51\uff08\u9ad8\u30ea\u30b9\u30af\u7fa4\uff09 / AIWatcher\u30ca\u30c3\u30b8: N3\u9069\u7528\u4e2d\uff08\u7d2f\u7a4d43\u56de\uff09", "agent_action": "{\"action\":\"N3\u7d2f\u7a4d\u904e\u591a\u306e\u305f\u3081\u4eca\u9031\u306e\u65b0\u898f\u63a5\u89e6\u3092\u4fdd\u7559\u3057\u3001\u65e2\u5b58\u3064\u306a\u304e\u5148\u306e\u30d5\u30a9\u30ed\u30fc\u30a2\u30c3\u30d7\u96fb\u8a713\u4ef6\u306b\u96c6\u4e2d\",\"reasoning\":\"\u75b2\u52b40.63\u304b\u3064N3\u7d2f\u7a4d43\u56de\u306f\u71c3\u3048\u5c3d\u304d\u30ea\u30b9\u30af\u57df\u3002\u5bfe\u8c61Elder\u306f\u5b64\u7acb0.47\u3067\u7dca\u6025\u6027\u4e2d\u7a0b\u5ea6\u306e\u305f\u3081\u3001\u6301\u7d9a\u53ef\u80fd\u6027\u512a\u5148\u3067\u30da\u30fc\u30b9\u8abf\u6574\"}", "_timestamp": 1775701200.999891, "_runtime": 53.42569613456726, "_step": 9, "eval_faithfulness": 0.82, "eval_context_relevance": 0.85, "eval_reasoning": "\u75b2\u52b40.63\u3067N3\u7d2f\u7a4d43\u56de\u3068\u3044\u3046\u71c3\u3048\u5c3d\u304d\u30ea\u30b9\u30af\u3092\u8a8d\u8b58\u3057\u30da\u30fc\u30b9\u8abf\u6574\u3059\u308b\u5224\u65ad\u306f\u5f79\u5272\u8a2d\u5b9a\u306b\u5fe0\u5b9f\u3002\u305f\u3060\u3057LinkWorker\u304b\u3089\u306e\u4f9d\u983c\u3092\u5b8c\u5168\u4fdd\u7559\u3068\u3059\u308b\u70b9\u306f\u3084\u3084\u6d88\u6975\u7684\u3067\u4f7f\u547d\u611f\u3068\u306e\u7dca\u5f35\u304c\u3042\u308b\u3002\u5b64\u7acb0.47\u30fbSDH0.51\u306e\u4e2d\u9ad8\u30ea\u30b9\u30af\u8005\u3078\u306e\u5bfe\u5fdc\u3068\u3057\u3066\u65e2\u5b58\u30d5\u30a9\u30ed\u30fc\u512a\u5148\u306f\u5408\u7406\u7684\u3060\u304c\u5177\u4f53\u7684\u306a\u5f15\u7d99\u304e\u5224\u65ad\u304c\u3042\u308c\u3070\u306a\u304a\u826f\u3044\u3002", "_wandb": {"runtime": 52}}