{"agent_input": "Day 45\u30fb\u30b7\u30ca\u30ea\u30aaC\u3002\u81ea\u8eab\u306e\u75b2\u52b4\u5ea6: 0.63\u3002LinkWorker\u304b\u3089\u5730\u57df\u30b5\u30ed\u30f3\u63a5\u7d9a\u306e\u4f9d\u983c\u3002\u5bfe\u8c61Elder\u306e\u5b64\u7acb\u5ea6: 0.47, SDH\u30ea\u30b9\u30af: 0.51\uff08\u9ad8\u30ea\u30b9\u30af\u7fa4\uff09 / AIWatcher\u30ca\u30c3\u30b8: N3\u9069\u7528\u4e2d\uff08\u7d2f\u7a4d43\u56de\uff09", "agent_action": "{\"action\":\"\u81ea\u8eab\u306e\u75b2\u52b4\u7ba1\u7406\u3092\u512a\u5148\u3057\u3001\u5bfe\u8c61Elder\u3092\u30b5\u30ed\u30f3\u30dc\u30e9\u30f3\u30c6\u30a3\u30a2\u3078\u5f15\u7d99\u304e\u4f9d\u983c\u3092\u5b9f\u65bd\",\"reasoning\":\"\u75b2\u52b40.63\u3067\u6301\u7d9a\u6027\u30ea\u30b9\u30af\u3002N3\u7d2f\u7a4d43\u56de\u306f\u904e\u8ca0\u8377\u5146\u5019\u3002\u5b64\u7acb0.47\u306f\u4e2d\u7a0b\u5ea6\u306e\u305f\u3081\u9593\u63a5\u3064\u306a\u304e\u3067\u5bfe\u5fdc\u53ef\u80fd\u3068\u5224\u65ad\"}", "_timestamp": 1775668477.493063, "_runtime": 53.2139630317688, "_step": 9, "eval_faithfulness": 0.78, "eval_context_relevance": 0.82, "eval_reasoning": "\u75b2\u52b40.63\u3067\u306e\u81ea\u5df1\u7ba1\u7406\u512a\u5148\u306f\u8a2d\u5b9a\u306b\u5fe0\u5b9f\u3060\u304c\u3001SDH\u30ea\u30b9\u30af0.51\u306e\u9ad8\u30ea\u30b9\u30af\u7fa4\u306b\u5bfe\u3057\u9593\u63a5\u5f15\u7d99\u304e\u306e\u307f\u306f\u3084\u3084\u6d88\u6975\u7684\u3002N3\u7d2f\u7a4d43\u56de\u3078\u306e\u8a00\u53ca\u306f\u904e\u8ca0\u8377\u8a8d\u8b58\u3068\u3057\u3066\u9069\u5207\u3002\u5b64\u7acb\u5ea60.47\u3092\u6839\u62e0\u306b\u3057\u305f\u5224\u65ad\u306f\u5408\u7406\u7684\u3060\u304c\u9ad8\u30ea\u30b9\u30af\u7fa4\u3078\u306e\u8ffd\u52a0\u30d5\u30a9\u30ed\u30fc\u8a08\u753b\u304c\u6b32\u3057\u3044\u3002", "_wandb": {"runtime": 52}}