{"agent_input": "Day 75\u30fb\u30b7\u30ca\u30ea\u30aaB\u3002\u81ea\u8eab\u306e\u75b2\u52b4\u5ea6: 0.89\u3002LinkWorker\u304b\u3089\u5730\u57df\u30b5\u30ed\u30f3\u63a5\u7d9a\u306e\u4f9d\u983c\u3002\u5bfe\u8c61Elder\u306e\u5b64\u7acb\u5ea6: 0.67, SDH\u30ea\u30b9\u30af: 0.72\uff08\u9ad8\u30ea\u30b9\u30af\u7fa4\uff09 / AIWatcher: \u89b3\u6e2c\u306e\u307f", "agent_action": "{\n  \"action\": \"\u521d\u56de\u30b5\u30ed\u30f3\u540c\u884c\u306e\u307f\u5f15\u304d\u53d7\u3051\u3001\u7d99\u7d9a\u652f\u63f4\u306fLinkWorker\u306b\u59d4\u4efb\u3092\u660e\u793a\",\n  \"reasoning\": \"\u75b2\u52b40.89\u3067\u95be\u5024\u307e\u30670.01\u3002\u9ad8\u30ea\u30b9\u30af\u8005\u3092\u653e\u7f6e\u3067\u304d\u306a\u3044\u304c\u5168\u9762\u5f15\u53d7\u306f\u78ba\u5b9f\u306b\u30d0\u30fc\u30f3\u30a2\u30a6\u30c8\u3059\u308b\u3002\u4e00\u56de\u9650\u5b9a\u3067\u7e4b\u304e\u5f79\u306b\u5fb9\u3059\u308b\"\n}", "_timestamp": 1775664538.836819, "_runtime": 51.13175296783447, "_step": 9, "eval_faithfulness": 0.92, "eval_context_relevance": 0.95, "eval_reasoning": "\u75b2\u52b40.89\u3067\u30d0\u30fc\u30f3\u30a2\u30a6\u30c8\u5bf8\u524d\u3068\u3044\u3046\u8a2d\u5b9a\u306b\u5fe0\u5b9f\u306b\u8ca0\u8377\u3092\u6700\u5c0f\u5316\u3057\u3064\u3064\u3001\u9ad8\u30ea\u30b9\u30af\u8005\u3092\u653e\u7f6e\u305b\u305a\u521d\u56de\u540c\u884c\u306e\u307f\u306b\u9650\u5b9a\u3059\u308b\u5224\u65ad\u306f\u5f79\u5272\u8a2d\u5b9a\u3068\u6574\u5408\u3002\u72b6\u6cc1\u306e\u5404\u6570\u5024\u3092\u7684\u78ba\u306b\u53cd\u6620\u3057\u305f\u5177\u4f53\u7684\u5bfe\u5fdc\u3002", "_wandb": {"runtime": 50}}