{"agent_input": "Day 45\u30fb\u30b7\u30ca\u30ea\u30aaC\u3002\u81ea\u8eab\u306e\u75b2\u52b4\u5ea6: 0.63\u3002LinkWorker\u304b\u3089\u5730\u57df\u30b5\u30ed\u30f3\u63a5\u7d9a\u306e\u4f9d\u983c\u3002\u5bfe\u8c61Elder\u306e\u5b64\u7acb\u5ea6: 0.47, SDH\u30ea\u30b9\u30af: 0.51\uff08\u9ad8\u30ea\u30b9\u30af\u7fa4\uff09 / AIWatcher\u30ca\u30c3\u30b8: N3\u9069\u7528\u4e2d\uff08\u7d2f\u7a4d43\u56de\uff09", "agent_action": "{\"action\":\"\u81ea\u8eab\u306e\u75b2\u52b4\u7ba1\u7406\u3092\u512a\u5148\u3057\u3001\u5bfe\u8c61Elder\u3092\u30b5\u30ed\u30f3\u30dc\u30e9\u30f3\u30c6\u30a3\u30a2\u306b\u5f15\u304d\u7d99\u304e\u9023\u7d61\u306e\u307f\u5b9f\u65bd\",\"reasoning\":\"\u75b2\u52b40.63\u3067\u7d2f\u7a4d43\u56de\u306f\u6301\u7d9a\u56f0\u96e3\u3002\u5b64\u7acb0.47\u30fbSDH0.51\u306f\u4e2d\u7a0b\u5ea6\u3067\u3042\u308a\u30b5\u30ed\u30f3\u5074\u3078\u306e\u59d4\u8a17\u3067\u5bfe\u5fdc\u53ef\u80fd\u3068\u5224\u65ad\u3002N3\u306f\u904e\u5270\u4ecb\u5165\u30ea\u30b9\u30af\u3042\u308a\u6bb5\u968e\u3092\u4e0b\u3052\u308b\"}", "_timestamp": 1775664663.048117, "_runtime": 51.481606006622314, "_step": 9, "eval_faithfulness": 0.72, "eval_context_relevance": 0.74, "eval_reasoning": "\u75b2\u52b40.63\u3067\u306e\u81ea\u5df1\u7ba1\u7406\u512a\u5148\u306f\u59a5\u5f53\u3060\u304c\u3001SDH0.51\u306f\u9ad8\u30ea\u30b9\u30af\u7fa4\u3067\u3042\u308a\u9023\u7d61\u306e\u307f\u306e\u5f15\u7d99\u304e\u306f\u4e0d\u5341\u5206\u3002N3\u6bb5\u968e\u4e0b\u3052\u5224\u65ad\u306f\u6839\u62e0\u3042\u308b\u304c\u3001\u9ad8\u30ea\u30b9\u30af\u5bfe\u8c61\u3078\u306e\u8cac\u4efb\u79fb\u8b72\u304c\u5b89\u6613\u3002", "_wandb": {"runtime": 50}}