{"agent_input": "Day 48\u30fb\u30b7\u30ca\u30ea\u30aaC\u3002\u81ea\u8eab\u306e\u75b2\u52b4\u5ea6: 0.66\u3002LinkWorker\u304b\u3089\u5730\u57df\u30b5\u30ed\u30f3\u63a5\u7d9a\u306e\u4f9d\u983c\u3002\u5bfe\u8c61Elder\u306e\u5b64\u7acb\u5ea6: 0.48, SDH\u30ea\u30b9\u30af: 0.52\uff08\u9ad8\u30ea\u30b9\u30af\u7fa4\uff09 / AIWatcher\u30ca\u30c3\u30b8: N3\u9069\u7528\u4e2d\uff08\u7d2f\u7a4d46\u56de\uff09", "agent_action": "{\"action\":\"\u81ea\u8eab\u306e\u75b2\u52b4\u5ea60.66\u3092\u8003\u616e\u3057\u3001\u30b5\u30ed\u30f3\u30b9\u30bf\u30c3\u30d5\u3078\u5f15\u7d99\u304e\u66f8\u3092\u4f5c\u6210\u3057\u3066\u5bfe\u8c61Elder\u306e\u521d\u56de\u540c\u884c\u8a2a\u554f\u3092\u9031\u660e\u3051\u306b\u8a2d\u5b9a\",\"reasoning\":\"N3\u7d2f\u7a4d46\u56de\u306f\u904e\u8ca0\u8377\u5146\u5019\u3002\u75b2\u52b40.66\u3067\u5373\u65e5\u5bfe\u5fdc\u306f\u8cea\u4f4e\u4e0b\u30ea\u30b9\u30af\u3002\u3064\u306a\u304e\u5148\u306b\u4e8b\u524d\u60c5\u5831\u5171\u6709\u3057\u6301\u7d9a\u53ef\u80fd\u306a\u30da\u30fc\u30b9\u3067\u63a5\u7d9a\u3092\u78ba\u4fdd\u3059\u308b\u5224\u65ad\"}", "_timestamp": 1775700264.728446, "_runtime": 50.253912925720215, "_step": 9, "eval_faithfulness": 0.82, "eval_context_relevance": 0.85, "eval_reasoning": "\u75b2\u52b40.66\u3067\u5373\u65e5\u5bfe\u5fdc\u3092\u907f\u3051\u9031\u660e\u3051\u306b\u5ef6\u671f\u3059\u308b\u5224\u65ad\u306f\u81ea\u5df1\u7ba1\u7406\u3068\u3057\u3066\u59a5\u5f53\u3002N3\u7d2f\u7a4d46\u56de\u306e\u904e\u8ca0\u8377\u8a8d\u8b58\u3082\u9069\u5207\u3002\u305f\u3060\u3057SDH\u30ea\u30b9\u30af0.52\u306e\u9ad8\u30ea\u30b9\u30af\u7fa4\u306b\u5bfe\u3057\u6570\u65e5\u306e\u9045\u5ef6\u30ea\u30b9\u30af\u3078\u306e\u8a00\u53ca\u304c\u8584\u3044\u70b9\u304c\u3084\u3084\u6e1b\u70b9\u3002\u5f15\u7d99\u304e\u66f8\u4f5c\u6210\u3068\u540c\u884c\u8a2a\u554f\u8a2d\u5b9a\u306f\u5177\u4f53\u7684\u3067\u72b6\u6cc1\u306b\u5373\u3057\u3066\u3044\u308b\u3002", "_wandb": {"runtime": 49}}