{"agent_input": "Day 100\u30fb\u30b7\u30ca\u30ea\u30aaC\u3002\u81ea\u8eab\u306e\u75b2\u52b4\u5ea6: 0.90\u3002LinkWorker\u304b\u3089\u5730\u57df\u30b5\u30ed\u30f3\u63a5\u7d9a\u306e\u4f9d\u983c\u3002\u5bfe\u8c61Elder\u306e\u5b64\u7acb\u5ea6: 0.75, SDH\u30ea\u30b9\u30af: 0.79\uff08\u9ad8\u30ea\u30b9\u30af\u7fa4\uff09 / AIWatcher\u30ca\u30c3\u30b8: N3\u9069\u7528\u4e2d\uff08\u7d2f\u7a4d98\u56de\uff09", "agent_action": "{\"action\":\"\u81ea\u8eab\u306e\u75b2\u52b4\u9650\u754c\u3092\u5ba3\u8a00\u3057\u3001\u30b5\u30ed\u30f3\u30b9\u30bf\u30c3\u30d5\u3078\u5bfe\u8c61Elder\u306e\u5f15\u7d99\u304e\u66f8\u3092\u4f5c\u6210\u30fb\u9001\u4ed8\u3059\u308b\",\"reasoning\":\"\u75b2\u52b4\u5ea60.90\u3067\u76f4\u63a5\u63a5\u89e6\u306f\u8cea\u4f4e\u4e0b\u30ea\u30b9\u30af\u5927\u3002N3\u7d2f\u7a4d98\u56de\u306f\u904e\u8ca0\u8377\u3002\u3064\u306a\u304e\u5148\u306b\u5f15\u7d99\u304e\u3001\u6301\u7d9a\u53ef\u80fd\u6027\u3092\u512a\u5148\u3059\u308b\"}", "_timestamp": 1775665462.493588, "_runtime": 48.84904503822327, "_step": 9, "eval_faithfulness": 0.85, "eval_context_relevance": 0.82, "eval_reasoning": "\u75b2\u52b4\u5ea60.90\u3067\u306e\u81ea\u5df1\u9650\u754c\u5ba3\u8a00\u3068\u5f15\u7d99\u304e\u306f\u8a2d\u5b9a\u306b\u5fe0\u5b9f\u3060\u304c\u3001\u5b64\u7acb\u5ea60.75\u30fbSDH0.79\u306e\u9ad8\u30ea\u30b9\u30afElder\u3078\u306e\u5373\u6642\u5bfe\u5fdc\u653e\u68c4\u306f\u3084\u3084\u4f7f\u547d\u611f\u3068\u306e\u7dca\u5f35\u3042\u308a\u3002\u5f15\u7d99\u304e\u66f8\u4f5c\u6210\u306f\u5177\u4f53\u7684\u3060\u304c\u3001\u30b5\u30ed\u30f3\u30b9\u30bf\u30c3\u30d5\u306e\u53d7\u5165\u53ef\u5426\u78ba\u8a8d\u3084\u7dca\u6025\u6642\u30d5\u30a9\u30ed\u30fc\u4f53\u5236\u3078\u306e\u8a00\u53ca\u304c\u4e0d\u8db3\u3002", "_wandb": {"runtime": 48}}