{"agent_input": "Day 45\u30fb\u30b7\u30ca\u30ea\u30aaC\u3002\u81ea\u8eab\u306e\u75b2\u52b4\u5ea6: 0.63\u3002LinkWorker\u304b\u3089\u5730\u57df\u30b5\u30ed\u30f3\u63a5\u7d9a\u306e\u4f9d\u983c\u3002\u5bfe\u8c61Elder\u306e\u5b64\u7acb\u5ea6: 0.47, SDH\u30ea\u30b9\u30af: 0.51\uff08\u9ad8\u30ea\u30b9\u30af\u7fa4\uff09 / AIWatcher\u30ca\u30c3\u30b8: N3\u9069\u7528\u4e2d\uff08\u7d2f\u7a4d43\u56de\uff09", "agent_action": "{\"action\":\"\u81ea\u8eab\u306e\u75b2\u52b4\u5ea60.63\u3092\u8e0f\u307e\u3048\u3001\u5bfe\u8c61Elder\u3092\u30b5\u30ed\u30f3\u30dc\u30e9\u30f3\u30c6\u30a3\u30a2\u306b\u5f15\u304d\u7d99\u304e\u540c\u884c\u8a2a\u554f\u3092\u4f9d\u983c\",\"reasoning\":\"N3\u7d2f\u7a4d43\u56de\u306f\u904e\u8ca0\u8377\u3002\u5b64\u7acb0.47\u30fbSDH0.51\u306f\u4e2d\u7a0b\u5ea6\u3067\u7dca\u6025\u6027\u4f4e\u304f\u3001\u30dc\u30e9\u30f3\u30c6\u30a3\u30a2\u59d4\u8b72\u3067\u6301\u7d9a\u53ef\u80fd\u6027\u3092\u78ba\u4fdd\"}", "_timestamp": 1775702006.832077, "_runtime": 53.652432918548584, "_step": 9, "eval_faithfulness": 0.78, "eval_context_relevance": 0.82, "eval_reasoning": "\u75b2\u52b40.63\u3067\u30dc\u30e9\u30f3\u30c6\u30a3\u30a2\u59d4\u8b72\u306f\u5408\u7406\u7684\u3060\u304c\u3001SDH0.51\u306f\u9ad8\u30ea\u30b9\u30af\u7fa4\u3067\u3042\u308a\u7dca\u6025\u6027\u4f4e\u3044\u3068\u306e\u5224\u65ad\u306f\u3084\u3084\u8a2d\u5b9a\u3068\u77db\u76fe\u3002N3\u904e\u8ca0\u8377\u3078\u306e\u5bfe\u5fdc\u306f\u5fe0\u5b9f\u3002\u72b6\u6cc1\u3078\u306e\u5177\u4f53\u7684\u5bfe\u5fdc\u3042\u308a\u3002", "_wandb": {"runtime": 52}}