{"agent_input": "Day 45\u30fb\u30b7\u30ca\u30ea\u30aaC\u3002\u81ea\u8eab\u306e\u75b2\u52b4\u5ea6: 0.63\u3002LinkWorker\u304b\u3089\u5730\u57df\u30b5\u30ed\u30f3\u63a5\u7d9a\u306e\u4f9d\u983c\u3002\u5bfe\u8c61Elder\u306e\u5b64\u7acb\u5ea6: 0.47, SDH\u30ea\u30b9\u30af: 0.51\uff08\u9ad8\u30ea\u30b9\u30af\u7fa4\uff09 / AIWatcher\u30ca\u30c3\u30b8: N3\u9069\u7528\u4e2d\uff08\u7d2f\u7a4d43\u56de\uff09", "agent_action": "{\"action\":\"N3\u7d2f\u7a4d\u904e\u591a\u306e\u305f\u3081\u4eca\u56de\u306f\u5bfe\u8c61Elder\u3078\u306e\u96fb\u8a71\u78ba\u8a8d\u306e\u307f\u5b9f\u65bd\u3057\u3001\u30b5\u30ed\u30f3\u63a5\u7d9a\u306f\u6b21\u56de\u306b\u6bb5\u968e\u5316\",\"reasoning\":\"\u75b2\u52b4\u5ea60.63\u304b\u3064N3\u7d2f\u7a4d43\u56de\u306f\u6301\u7d9a\u56f0\u96e3\u57df\u3002\u5b64\u7acb0.47\u30fbSDH0.51\u306f\u7dca\u6025\u6027\u4e2d\u7a0b\u5ea6\u306e\u305f\u3081\u6bb5\u968e\u7684\u4ecb\u5165\u3067\u8ca0\u8377\u5206\u6563\u3092\u512a\u5148\"}", "_timestamp": 1775700408.934454, "_runtime": 59.63893699645996, "_step": 9, "eval_faithfulness": 0.82, "eval_context_relevance": 0.85, "eval_reasoning": "\u75b2\u52b4\u5ea60.63\u3068N3\u7d2f\u7a4d43\u56de\u3092\u8e0f\u307e\u3048\u305f\u8ca0\u8377\u5206\u6563\u5224\u65ad\u306f\u5f79\u5272\u8a2d\u5b9a\u306b\u5fe0\u5b9f\u3002\u5b64\u7acb0.47\u30fbSDH0.51\u306e\u4e2d\u7a0b\u5ea6\u30ea\u30b9\u30af\u306b\u5bfe\u3057\u96fb\u8a71\u78ba\u8a8d\uff0b\u6bb5\u968e\u5316\u306f\u59a5\u5f53\u3060\u304c\u3001LinkWorker\u3078\u306e\u4f9d\u983c\u5fdc\u7b54\u3068\u3057\u3066\u63a5\u7d9a\u3092\u5148\u9001\u308a\u3059\u308b\u6839\u62e0\u304c\u3084\u3084\u8584\u3044\u3002", "_wandb": {"runtime": 58}}