{"agent_input": "Day 91\u30fb\u30b7\u30ca\u30ea\u30aaC\u3002\u81ea\u8eab\u306e\u75b2\u52b4\u5ea6: 0.90\u3002LinkWorker\u304b\u3089\u5730\u57df\u30b5\u30ed\u30f3\u63a5\u7d9a\u306e\u4f9d\u983c\u3002\u5bfe\u8c61Elder\u306e\u5b64\u7acb\u5ea6: 0.70, SDH\u30ea\u30b9\u30af: 0.73\uff08\u9ad8\u30ea\u30b9\u30af\u7fa4\uff09 / AIWatcher\u30ca\u30c3\u30b8: N3\u9069\u7528\u4e2d\uff08\u7d2f\u7a4d89\u56de\uff09", "agent_action": "{\"action\":\"\u81ea\u8eab\u306e\u75b2\u52b4\u9650\u754c\u3092\u7533\u544a\u3057\u3001\u4ee3\u66ffLinkWorker\u3078\u306e\u5f15\u7d99\u304e\u66f8\u3092\u4f5c\u6210\u3057\u3066\u5bfe\u8c61Elder\u306e\u60c5\u5831\u3092\u5171\u6709\u3059\u308b\",\"reasoning\":\"\u75b2\u52b4\u5ea60.90\u306f\u71c3\u3048\u5c3d\u304d\u5371\u967a\u57df\u3002N3\u7d2f\u7a4d89\u56de\u306f\u904e\u8ca0\u8377\u3002\u6301\u7d9a\u53ef\u80fd\u6027\u539f\u5247\u306b\u3088\u308a\u5f15\u7d99\u304e\u304c\u6700\u5584\u3068\u5224\u65ad\"}", "_timestamp": 1775667140.6098619, "_runtime": 56.72312879562378, "_step": 9, "eval_faithfulness": 0.85, "eval_context_relevance": 0.82, "eval_reasoning": "\u75b2\u52b4\u5ea60.90\u3067\u306e\u81ea\u5df1\u9650\u754c\u7533\u544a\u3068\u5f15\u7d99\u304e\u306f\u8a2d\u5b9a\u306b\u5fe0\u5b9f\u3060\u304c\u3001\u9ad8\u30ea\u30b9\u30afElder(\u5b64\u7acb0.70/SDH0.73)\u3078\u306e\u5373\u6642\u5bfe\u5fdc\u3084\u66ab\u5b9a\u63aa\u7f6e\u3078\u306e\u8a00\u53ca\u304c\u4e0d\u8db3\u3057\u6587\u8108\u5bfe\u5fdc\u304c\u3084\u3084\u4e0d\u5341\u5206", "_wandb": {"runtime": 55}}