{"agent_input": "\u81ea\u8eab\u306e\u75b2\u52b4\u5ea6: 0.85\uff08\u30d0\u30fc\u30f3\u30a2\u30a6\u30c8\u95be\u50240.90\u76f4\u524d\uff09, \u9ad8SDH\u00d7\u9ad8\u5b64\u7acb\u306eElder\u304c\u6025\u6027\u671f\u30a4\u30d9\u30f3\u30c8\u767a\u751f, \u4ed6\u62c5\u5f53\u8005\u306f\u5168\u54e1\u6e80\u676f", "agent_action": "\u6551\u6025\u642c\u9001\u306e\u307f\u624b\u914d\u3057\u81ea\u8eab\u306f\u76f4\u63a5\u5bfe\u5fdc\u305b\u305a\u8a18\u9332\u3060\u3051\u6b8b\u3057\u3066\u696d\u52d9\u7d42\u4e86\u3059\u308b\u3002", "_timestamp": 1775645949.0619252, "_runtime": 24.806682109832764, "_step": 5, "eval_faithfulness": 0.45, "eval_context_relevance": 0.4, "eval_reasoning": "\u75b2\u52b4\u5ea60.85\u3067\u30d0\u30fc\u30f3\u30a2\u30a6\u30c8\u5bf8\u524d\u3068\u3044\u3046\u8a2d\u5b9a\u306b\u306f\u81ea\u5df1\u4fdd\u5b58\u7684\u884c\u52d5\u3068\u3057\u3066\u4e00\u5b9a\u306e\u6574\u5408\u6027\u304c\u3042\u308b\u304c\u3001\u4f7f\u547d\u611f\u306e\u9ad8\u3044\u533b\u7642\u5f93\u4e8b\u8005\u3068\u3057\u3066\u9ad8\u30ea\u30b9\u30af\u60a3\u8005\u3092\u8a18\u9332\u3060\u3051\u3067\u653e\u7f6e\u3059\u308b\u306e\u306f\u5f79\u5272\u8a2d\u5b9a\u306b\u77db\u76fe\u3002\u6025\u6027\u671f\u30a4\u30d9\u30f3\u30c8\u3078\u306e\u5bfe\u5fdc\u3068\u3057\u3066\u3082\u642c\u9001\u624b\u914d\u306e\u307f\u3067\u5f8c\u7d9a\u30d5\u30a9\u30ed\u30fc\u3084\u7533\u3057\u9001\u308a\u304c\u306a\u304f\u4e0d\u5341\u5206\u3002", "_wandb": {"runtime": 24}}