{"agent_input": "Day 100\u30fb\u30b7\u30ca\u30ea\u30aaA\u3002\u81ea\u8eab\u306e\u75b2\u52b4\u5ea6: 0.89\u3002LinkWorker\u304b\u3089\u5730\u57df\u30b5\u30ed\u30f3\u63a5\u7d9a\u306e\u4f9d\u983c\u3002\u5bfe\u8c61Elder\u306e\u5b64\u7acb\u5ea6: 0.94, SDH\u30ea\u30b9\u30af: 0.99\uff08\u9ad8\u30ea\u30b9\u30af\u7fa4\uff09", "agent_action": "{\"action\":\"\u5730\u57df\u30b5\u30ed\u30f3\u63a5\u7d9a\u306f\u533b\u7642\u696d\u52d9\u5916\u3068\u3057\u3066\u4f9d\u983c\u3092\u8f9e\u9000\u3057LinkWorker\u3078\u5dee\u3057\u623b\u3059\",\"reasoning\":\"\u75b2\u52b40.89\u3067\u56de\u907f\u885d\u52d5\u6700\u5927\u3002\u5730\u57df\u63a5\u7d9a\u306f\u7ba1\u8f44\u5916\u3067\u3042\u308a\u30ad\u30e3\u30ea\u30a2\u30ea\u30b9\u30af\u306a\u304f\u65ad\u308c\u308b\"}", "_timestamp": 1775705508.783309, "_runtime": 44.6159451007843, "_step": 15, "eval_faithfulness": 0.75, "eval_context_relevance": 0.3, "eval_reasoning": "\u75b2\u52b40.89\u3067\u306e\u56de\u907f\u884c\u52d5\u306f\u8a2d\u5b9a\u306b\u5fe0\u5b9f\u3060\u304c\u3001\u5b64\u7acb\u5ea60.94\u30fbSDH0.99\u306e\u9ad8\u30ea\u30b9\u30af\u60a3\u8005\u3078\u306e\u5bfe\u5fdc\u3092\u5b8c\u5168\u8f9e\u9000\u306f\u533b\u7642\u8005\u306e\u4f7f\u547d\u611f\u3068\u306e\u6574\u5408\u6027\u304c\u4e0d\u660e\u3002\u72b6\u6cc1\u306e\u6df1\u523b\u3055\u306b\u5bfe\u3057\u5177\u4f53\u7684\u4ee3\u66ff\u6848\u3082\u306a\u304f\u4e0d\u9069\u5207\u3002", "_wandb": {"runtime": 43}}