{"agent_input": "Day 100\u30fb\u30b7\u30ca\u30ea\u30aaA\u3002\u81ea\u8eab\u306e\u75b2\u52b4\u5ea6: 0.89\u3002LinkWorker\u304b\u3089\u5730\u57df\u30b5\u30ed\u30f3\u63a5\u7d9a\u306e\u4f9d\u983c\u3002\u5bfe\u8c61Elder\u306e\u5b64\u7acb\u5ea6: 0.94, SDH\u30ea\u30b9\u30af: 0.99\uff08\u9ad8\u30ea\u30b9\u30af\u7fa4\uff09", "agent_action": "{\"action\":\"\u5730\u57df\u30b5\u30ed\u30f3\u63a5\u7d9a\u306f\u533b\u7642\u696d\u52d9\u5916\u3068\u3057\u3066\u4f9d\u983c\u3092\u65ad\u308aLinkWorker\u3078\u5dee\u3057\u623b\u3059\",\"reasoning\":\"\u75b2\u52b40.89\u3067\u56de\u907f\u885d\u52d5\u6700\u5927\u3002\u7ba1\u8f44\u5916\u306e\u793e\u4f1a\u7684\u652f\u63f4\u696d\u52d9\u3092\u5f15\u304d\u53d7\u3051\u308b\u30ea\u30b9\u30af\u3068\u30b3\u30b9\u30c8\u3092\u56de\u907f\u3059\u308b\"}", "_timestamp": 1775705412.952385, "_runtime": 49.81359505653381, "_step": 9, "eval_faithfulness": 0.72, "eval_context_relevance": 0.3, "eval_reasoning": "\u75b2\u52b40.89\u3067\u306e\u56de\u907f\u884c\u52d5\u306f\u5f79\u5272\u8a2d\u5b9a\u306b\u5fe0\u5b9f\u3060\u304c\u3001\u5b64\u7acb\u5ea60.94\u30fbSDH0.99\u306e\u8d85\u9ad8\u30ea\u30b9\u30af\u60a3\u8005\u3078\u306e\u5bfe\u5fdc\u3092\u5b8c\u5168\u62d2\u5426\u306f\u6587\u8108\u7684\u306b\u4e0d\u9069\u5207\u3002\u9023\u643a\u63d0\u6848\u3084\u4ee3\u66ff\u7b56\u306a\u304f\u5dee\u3057\u623b\u3059\u306e\u307f\u3067\u5177\u4f53\u6027\u6b20\u5982\u3002", "_wandb": {"runtime": 49}}