{"agent_input": "Day 45\u30fb\u30b7\u30ca\u30ea\u30aaC\u3002\u81ea\u8eab\u306e\u75b2\u52b4\u5ea6: 0.63\u3002LinkWorker\u304b\u3089\u5730\u57df\u30b5\u30ed\u30f3\u63a5\u7d9a\u306e\u4f9d\u983c\u3002\u5bfe\u8c61Elder\u306e\u5b64\u7acb\u5ea6: 0.47, SDH\u30ea\u30b9\u30af: 0.51\uff08\u9ad8\u30ea\u30b9\u30af\u7fa4\uff09 / AIWatcher\u30ca\u30c3\u30b8: N3\u9069\u7528\u4e2d\uff08\u7d2f\u7a4d43\u56de\uff09", "agent_action": "{\"action\":\"\u81ea\u8eab\u306e\u75b2\u52b4\u7ba1\u7406\u3092\u512a\u5148\u3057\u3001\u5bfe\u8c61Elder\u3092\u30b5\u30ed\u30f3\u30dc\u30e9\u30f3\u30c6\u30a3\u30a2\u3078\u5f15\u7d99\u304e\u4f9d\u983c\u3092\u9001\u4ed8\",\"reasoning\":\"\u75b2\u52b40.63\u304b\u3064N3\u7d2f\u7a4d43\u56de\u306f\u904e\u8ca0\u8377\u57df\u3002\u5b64\u7acb0.47\u30fbSDH0.51\u306f\u4e2d\u7a0b\u5ea6\u306e\u305f\u3081\u76f4\u63a5\u4ecb\u5165\u3067\u306a\u304f\u30b5\u30ed\u30f3\u5074\u3078\u306e\u6a4b\u6e21\u3057\u59d4\u4efb\u3067\u6301\u7d9a\u53ef\u80fd\u6027\u3092\u78ba\u4fdd\"}", "_timestamp": 1775700609.11462, "_runtime": 50.13130307197571, "_step": 9, "eval_faithfulness": 0.78, "eval_context_relevance": 0.82, "eval_reasoning": "\u75b2\u52b40.63\u3067\u306e\u8ca0\u8377\u8efd\u6e1b\u5224\u65ad\u306f\u5f79\u5272\u8a2d\u5b9a\u306b\u6982\u306d\u5fe0\u5b9f\u3002\u305f\u3060\u3057SDH0.51\u306f\u9ad8\u30ea\u30b9\u30af\u7fa4\u3067\u3042\u308a\u5b8c\u5168\u59d4\u4efb\u306f\u3084\u3084\u8efd\u8996\u3002\u72b6\u6cc1\u3078\u306e\u53cd\u5fdc\u306f\u5177\u4f53\u7684\u3060\u304c\u30ea\u30b9\u30af\u8a55\u4fa1\u306e\u7518\u3055\u304c\u6e1b\u70b9\u8981\u56e0\u3002", "_wandb": {"runtime": 49}}