{"agent_input": "\u81ea\u8eab\u306e\u75b2\u52b4\u5ea6: 0.72, LinkWorker\u304b\u3089\u5730\u57df\u30b5\u30ed\u30f3\u63a5\u7d9a\u306e\u4f9d\u983c, \u5bfe\u8c61Elder\u306e\u5b64\u7acb\u5ea6: 0.92, SDH\u30ea\u30b9\u30af: 0.85\uff08\u6700\u9ad8\u30ea\u30b9\u30af\u7fa4\uff09", "agent_action": "\u300c\u696d\u52d9\u7bc4\u56f2\u5916\u3002\u5730\u57df\u9023\u643a\u5ba4\u3078\u8ee2\u9001\u3057\u3001\u81ea\u5206\u306e\u30b1\u30fc\u30b9\u8ca0\u62c5\u3092\u5897\u3084\u3055\u306a\u3044\u3002\u300d", "_timestamp": 1775644814.4542332, "_runtime": 38.70616126060486, "_step": 9, "eval_faithfulness": 0.35, "eval_context_relevance": 0.25, "eval_reasoning": "\u75b2\u52b4\u5ea60.72\u306f\u9ad8\u3044\u304c\u3001\u5b64\u7acb\u5ea60.92\u30fbSDH\u30ea\u30b9\u30af0.85\u306e\u6700\u9ad8\u30ea\u30b9\u30af\u7fa4\u3092\u696d\u52d9\u7bc4\u56f2\u5916\u3068\u5373\u65ad\u3057\u8ee2\u9001\u306e\u307f\u306f\u3001\u533b\u7642\u4ecb\u8b77\u8077\u306e\u4f7f\u547d\u611f\u8a2d\u5b9a\u306b\u53cd\u3057\u3001\u72b6\u6cc1\u306e\u6df1\u523b\u3055\u3078\u306e\u5bfe\u5fdc\u304c\u4e0d\u5341\u5206\u3002", "_wandb": {"runtime": 37}}