label,burnout_count_mean,burnout_count_std,cum_FC_A1_mean,cum_FC_A1_std,cum_FC_A2_mean,cum_FC_A2_std,cum_FC_A3_mean,cum_FC_A3_std,cum_FC_B1_mean,cum_FC_B1_std,cum_FC_B2_mean,cum_FC_B2_std,cum_FC_B3_mean,cum_FC_B3_std,cum_FC_B4_mean,cum_FC_B4_std,cum_FC_C1_mean,cum_FC_C1_std,cum_FC_C2_mean,cum_FC_C2_std,cum_FC_C3_mean,cum_FC_C3_std,cum_M1_mean,cum_M1_std,cum_M2_mean,cum_M2_std,cum_M3_mean,cum_M3_std,cum_M4_mean,cum_M4_std,cum_M5_mean,cum_M5_std,cum_acute_events_mean,cum_acute_events_std,gini_fatigue_mean,gini_fatigue_std,mean_acute_dependence_mean,mean_acute_dependence_std,mean_fatigue_mean,mean_fatigue_std,mean_isolation_mean,mean_isolation_std,mean_sdh_risk_mean,mean_sdh_risk_std,total_nudge_interventions_mean,total_nudge_interventions_std
A,16.7,1.70293863659264,5.5,2.6352313834736494,32.0,2.494438257849294,94.0,0.0,21.7,3.368151487751767,74.4,3.0983866769659336,94.0,0.0,2.6,1.577621275493231,0.0,0.0,0.0,0.0,0.0,0.0,48.6,5.125101625008685,99.8,0.4216370213557839,66.2,3.1552425509864612,0.0,0.0,0.9,0.7378647873726218,1151.9,23.811528487035215,0.0129,0.0018220867158288594,0.9818899999999999,0.0038748333297489576,0.89771,0.00405255749153816,0.93293,0.014076777566853394,0.98302,0.009307320893910455,0.0,0.0
B,22.7,1.251665557034572,0.0,0.0,70.0,2.7487370837451084,94.0,0.0,50.3,6.307843442008441,90.6,1.4298407059684817,72.1,4.605552204797066,5.6,1.2649110640673515,0.0,0.0,0.0,0.0,0.0,0.0,98.5,1.433720877840439,96.7,2.110818693198343,27.4,3.098386676965934,0.0,0.0,0.1,0.31622776601683794,993.2,41.94917559777943,0.014369999999999999,0.0017391249396048454,0.9794499999999999,0.004846591012706167,0.9118700000000001,0.0034842662227664244,0.8292400000000001,0.02307678968622422,0.8943200000000001,0.02492597039234379,0.0,0.0
C,21.8,2.3475755815545347,0.0,0.0,63.7,4.001388647846032,93.6,1.2649110640673509,44.2,6.2325311426774626,87.0,2.748737083745108,61.1,3.8715486421958962,5.2,1.2292725943057181,0.0,0.0,1.0,0.0,0.0,0.0,97.7,1.337493509849264,96.2,1.8737959096740264,33.9,4.332051092342595,0.7,0.8232726023485646,0.1,0.31622776601683794,963.0,46.56894530335282,0.01389,0.002475861241848761,0.97818,0.006247097103633183,0.91199,0.008144452781563125,0.80755,0.028480178292200963,0.8683099999999999,0.027769185560017152,94.4,1.5776212754932297
