label,burnout_count_mean,burnout_count_std,cum_FC_A1_mean,cum_FC_A1_std,cum_FC_A2_mean,cum_FC_A2_std,cum_FC_A3_mean,cum_FC_A3_std,cum_FC_B1_mean,cum_FC_B1_std,cum_FC_B2_mean,cum_FC_B2_std,cum_FC_B3_mean,cum_FC_B3_std,cum_FC_B4_mean,cum_FC_B4_std,cum_FC_C1_mean,cum_FC_C1_std,cum_FC_C2_mean,cum_FC_C2_std,cum_FC_C3_mean,cum_FC_C3_std,cum_M1_mean,cum_M1_std,cum_M2_mean,cum_M2_std,cum_M3_mean,cum_M3_std,cum_M4_mean,cum_M4_std,cum_M5_mean,cum_M5_std,cum_acute_events_mean,cum_acute_events_std,gini_fatigue_mean,gini_fatigue_std,mean_acute_dependence_mean,mean_acute_dependence_std,mean_fatigue_mean,mean_fatigue_std,mean_isolation_mean,mean_isolation_std,mean_sdh_risk_mean,mean_sdh_risk_std,total_nudge_interventions_mean,total_nudge_interventions_std
A,18.1,0.8755950357709121,96.0,0.0,22.6,5.777350411544878,94.0,0.0,67.3,5.478239782184701,84.6,2.065591117977288,94.0,0.0,1.5,1.9578900207451218,0.0,0.0,0.0,0.0,0.0,0.0,0.0,0.0,0.0,0.0,81.1,5.506561742341787,0.0,0.0,0.8,1.0327955589886444,1174.4,34.62240764463258,0.025840000000000002,0.005739957413701875,0.9810399999999999,0.005383761592872452,0.8933899999999999,0.011458470908265048,0.94191,0.011952447448117041,0.9878600000000001,0.007833999971633648,0.0,0.0
B,23.6,1.3498971154211061,0.0,0.0,59.4,1.7126976771553508,94.0,0.0,61.1,6.806043066438988,94.0,0.0,85.0,3.7416573867739413,5.4,3.438345855527367,0.0,0.0,0.0,0.0,0.0,0.0,99.4,0.6992058987801019,98.7,1.567021236472423,38.2,1.6865480854231356,0.0,0.0,0.4,0.5163977794943222,978.7,30.25465987983412,0.02419,0.004728976868438057,0.9752599999999999,0.010706508923703038,0.9020199999999999,0.009565307685124974,0.80806,0.024945995002538274,0.86133,0.024545787147017037,0.0,0.0
C,23.9,1.1972189997378648,0.0,0.0,27.4,6.131883886702356,93.9,0.3162277660168401,34.6,3.977715704047012,93.6,0.6992058987800996,68.3,3.4657049948186747,6.9,1.5238839267549946,0.0,0.0,1.0,0.0,0.0,0.0,99.1,0.7378647873726214,99.4,0.6992058987801012,69.6,4.62361090250659,0.4,0.5163977794943222,0.9,0.7378647873726218,932.4,39.314119600977975,0.02356,0.005244298491377724,0.96469,0.012210419048228175,0.9014200000000001,0.00694258997461002,0.7521,0.025049018610183715,0.78697,0.03275532357071474,98.3,0.8232726023485636
