label,burnout_count_mean,burnout_count_std,cum_FC_A1_mean,cum_FC_A1_std,cum_FC_A2_mean,cum_FC_A2_std,cum_FC_A3_mean,cum_FC_A3_std,cum_FC_B1_mean,cum_FC_B1_std,cum_FC_B2_mean,cum_FC_B2_std,cum_FC_B3_mean,cum_FC_B3_std,cum_FC_B4_mean,cum_FC_B4_std,cum_FC_C1_mean,cum_FC_C1_std,cum_FC_C2_mean,cum_FC_C2_std,cum_FC_C3_mean,cum_FC_C3_std,cum_M1_mean,cum_M1_std,cum_M2_mean,cum_M2_std,cum_M3_mean,cum_M3_std,cum_M4_mean,cum_M4_std,cum_M5_mean,cum_M5_std,cum_acute_events_mean,cum_acute_events_std,gini_fatigue_mean,gini_fatigue_std,mean_acute_dependence_mean,mean_acute_dependence_std,mean_fatigue_mean,mean_fatigue_std,mean_isolation_mean,mean_isolation_std,mean_sdh_risk_mean,mean_sdh_risk_std,total_nudge_interventions_mean,total_nudge_interventions_std
A,16.0,2.6457513110645907,6.0,1.7320508075688772,31.333333333333332,1.1547005383792517,94.0,0.0,22.0,1.0,73.0,2.0,94.0,0.0,1.6666666666666667,1.5275252316519468,0.0,0.0,0.0,0.0,0.0,0.0,51.666666666666664,4.509249752822893,100.0,0.0,66.66666666666667,3.0550504633038935,0.0,0.0,1.3333333333333333,0.5773502691896257,1147.3333333333333,2.886751345948145,0.011566666666666668,0.00285715476187996,0.9858666666666668,0.0022722969289538713,0.8994666666666666,0.004331666346030484,0.9168333333333334,0.012987044826800785,0.9885666666666667,0.002775487945088757,0.0,0.0
B,23.333333333333332,1.1547005383792517,0.0,0.0,69.33333333333333,2.081665999466131,94.0,0.0,49.0,9.643650760992955,90.66666666666667,0.5773502691896278,70.0,4.58257569495584,5.666666666666667,0.5773502691896258,0.0,0.0,0.0,0.0,0.0,0.0,98.0,1.7320508075688772,97.66666666666667,1.1547005383792526,28.333333333333332,2.3094010767585034,0.0,0.0,0.0,0.0,992.6666666666666,12.897028081435398,0.013266666666666668,0.0019425069712444626,0.9819333333333334,0.002610236260060258,0.9143,0.0037242448899071886,0.8042666666666666,0.019289980127862597,0.9099,0.012473572062564968,0.0,0.0
C,21.333333333333332,3.055050463303893,0.0,0.0,62.666666666666664,5.507570547286101,94.0,0.0,45.333333333333336,7.767453465154029,85.0,3.4641016151377544,58.666666666666664,3.0550504633038926,4.333333333333333,1.5275252316519465,0.0,0.0,1.0,0.0,0.0,0.0,98.0,1.0,96.66666666666667,1.5275252316519452,35.0,6.082762530298219,1.3333333333333333,0.5773502691896258,0.0,0.0,962.0,30.512292604784715,0.0135,0.002260530911091463,0.9801666666666667,0.0014433756729740177,0.9127000000000001,0.012413299319681317,0.7753666666666666,0.0246903489917282,0.8793333333333333,0.01793051402869794,95.0,1.0
