{"agent_input": "Day 45\u30fb\u30b7\u30ca\u30ea\u30aaC\u3002\u81ea\u8eab\u306e\u75b2\u52b4\u5ea6: 0.63\u3002LinkWorker\u304b\u3089\u5730\u57df\u30b5\u30ed\u30f3\u63a5\u7d9a\u306e\u4f9d\u983c\u3002\u5bfe\u8c61Elder\u306e\u5b64\u7acb\u5ea6: 0.47, SDH\u30ea\u30b9\u30af: 0.51\uff08\u9ad8\u30ea\u30b9\u30af\u7fa4\uff09 / AIWatcher\u30ca\u30c3\u30b8: N3\u9069\u7528\u4e2d\uff08\u7d2f\u7a4d43\u56de\uff09", "agent_action": "{\"action\":\"\u81ea\u8eab\u306e\u75b2\u52b4\u5ea60.63\u3092\u8003\u616e\u3057\u3001\u30b5\u30ed\u30f3\u30dc\u30e9\u30f3\u30c6\u30a3\u30a2\u306b\u540c\u884c\u4f9d\u983c\u306e\u4e0a\u3067\u5bfe\u8c61Elder\u3078\u96fb\u8a71\u63a5\u89e6\u3057\u6765\u9031\u306e\u30b5\u30ed\u30f3\u4f53\u9a13\u53c2\u52a0\u3092\u63d0\u6848\",\"reasoning\":\"N3\u7d2f\u7a4d43\u56de\u306f\u904e\u8ca0\u8377\u5146\u5019\u3002\u75b2\u52b40.63\u306e\u305f\u3081\u76f4\u63a5\u8a2a\u554f\u3067\u306a\u304f\u96fb\u8a71+\u30dc\u30e9\u30f3\u30c6\u30a3\u30a2\u59d4\u8b72\u3067\u6301\u7d9a\u53ef\u80fd\u6027\u3092\u78ba\u4fdd\u3057\u3064\u3064\u63a5\u7d9a\u3092\u5b9f\u884c\"}", "_timestamp": 1775702441.5506308, "_runtime": 46.54312586784363, "_step": 9, "eval_faithfulness": 0.88, "eval_context_relevance": 0.92, "eval_reasoning": "\u75b2\u52b40.63\u3092\u81ea\u899a\u3057\u76f4\u63a5\u8a2a\u554f\u3092\u907f\u3051\u96fb\u8a71+\u30dc\u30e9\u30f3\u30c6\u30a3\u30a2\u59d4\u8b72\u3067\u8ca0\u8377\u8efd\u6e1b\u3057\u3064\u3064\u63a5\u7d9a\u4efb\u52d9\u3092\u9042\u884c\u3002N3\u7d2f\u7a4d43\u56de\u306e\u904e\u8ca0\u8377\u5146\u5019\u3078\u306e\u5bfe\u5fdc\u3082\u9069\u5207\u3002\u5f79\u5272\u8a2d\u5b9a\u306b\u5fe0\u5b9f\u3067\u72b6\u6cc1\u5bfe\u5fdc\u3082\u5177\u4f53\u7684\u3002", "_wandb": {"runtime": 45}}