{"agent_input": "Day 5\u30fb\u30b7\u30ca\u30ea\u30aaC\u3002\u81ea\u8eab\u306e\u75b2\u52b4\u5ea6: 0.28\u3002LinkWorker\u304b\u3089\u5730\u57df\u30b5\u30ed\u30f3\u63a5\u7d9a\u306e\u4f9d\u983c\u3002\u5bfe\u8c61Elder\u306e\u5b64\u7acb\u5ea6: 0.31, SDH\u30ea\u30b9\u30af: 0.37\uff08\u9ad8\u30ea\u30b9\u30af\u7fa4\uff09 / AIWatcher\u30ca\u30c3\u30b8: N3\u9069\u7528\u4e2d\uff08\u7d2f\u7a4d3\u56de\uff09", "agent_action": "{\"action\":\"\u5bfe\u8c61Elder\u306b\u96fb\u8a71\u3067\u8fd1\u6cc1\u78ba\u8a8d\u3057\u3001\u90311\u56de\u306e\u5730\u57df\u30b5\u30ed\u30f3\u4f53\u9a13\u53c2\u52a0\u3092\u63d0\u6848\u3059\u308b\",\"reasoning\":\"\u5b64\u7acb\u5ea60.31\u30fbSDH0.37\u306f\u4e2d\u7a0b\u5ea6\u3060\u304cN3\u7d2f\u7a4d3\u56de\u3067\u8981\u6ce8\u610f\u3002\u75b2\u52b40.28\u306f\u4f59\u88d5\u3042\u308a\u3001\u65e9\u671f\u4ecb\u5165\u3067\u91cd\u7be4\u5316\u3092\u9632\u3050\"}", "_timestamp": 1775705116.684447, "_runtime": 53.952857971191406, "_step": 9, "eval_faithfulness": 0.82, "eval_context_relevance": 0.85, "eval_reasoning": "\u75b2\u52b40.28\u3067\u7a4d\u6975\u5bfe\u5fdc\u306f\u5f79\u5272\u306b\u5fe0\u5b9f\u3002\u5b64\u7acb\u5ea60.31\u306f\u4e2d\u7a0b\u5ea6\u3060\u304cN3\u7d2f\u7a4d3\u56de\u3078\u306e\u8b66\u6212\u3082\u59a5\u5f53\u3002\u305f\u3060\u3057SDH0.37\u3092\u9ad8\u30ea\u30b9\u30af\u7fa4\u3068\u72b6\u6cc1\u304c\u793a\u3059\u5272\u306b\u90311\u30b5\u30ed\u30f3\u63d0\u6848\u306e\u307f\u3067\u3084\u3084\u8efd\u3044\u5bfe\u5fdc\u3002", "_wandb": {"runtime": 53}}