{"agent_input": "Day 45\u30fb\u30b7\u30ca\u30ea\u30aaC\u3002\u81ea\u8eab\u306e\u75b2\u52b4\u5ea6: 0.63\u3002LinkWorker\u304b\u3089\u5730\u57df\u30b5\u30ed\u30f3\u63a5\u7d9a\u306e\u4f9d\u983c\u3002\u5bfe\u8c61Elder\u306e\u5b64\u7acb\u5ea6: 0.47, SDH\u30ea\u30b9\u30af: 0.51\uff08\u9ad8\u30ea\u30b9\u30af\u7fa4\uff09 / AIWatcher\u30ca\u30c3\u30b8: N3\u9069\u7528\u4e2d\uff08\u7d2f\u7a4d43\u56de\uff09", "agent_action": "{\"action\":\"N3\u7d2f\u7a4d\u904e\u591a\u306e\u305f\u3081\u4eca\u9031\u306e\u65b0\u898f\u63a5\u89e6\u3092\u505c\u6b62\u3057\u3001\u65e2\u5b58\u3064\u306a\u304e\u5148\u306e\u30d5\u30a9\u30ed\u30fc\u96fb\u8a712\u4ef6\u306b\u7d5e\u308b\",\"reasoning\":\"\u75b2\u52b40.63\u304b\u3064N3\u7d2f\u7a4d43\u56de\u306f\u71c3\u3048\u5c3d\u304d\u30ea\u30b9\u30af\u57df\u3002\u5bfe\u8c61Elder\u306f\u5b64\u7acb0.47\u3067\u7dca\u6025\u6027\u4f4e\u304f\u3001\u6301\u7d9a\u53ef\u80fd\u6027\u512a\u5148\u3067\u8ca0\u8377\u8efd\u6e1b\u3092\u9078\u629e\"}", "_timestamp": 1775703070.8771698, "_runtime": 62.81156778335571, "_step": 9, "eval_faithfulness": 0.72, "eval_context_relevance": 0.68, "eval_reasoning": "\u75b2\u52b40.63\u3067\u306e\u8ca0\u8377\u8efd\u6e1b\u5224\u65ad\u306f\u59a5\u5f53\u3060\u304c\u3001SDH\u30ea\u30b9\u30af0.51\u306e\u9ad8\u30ea\u30b9\u30af\u7fa4\u3078\u306e\u5bfe\u5fdc\u3092LinkWorker\u306b\u8fd4\u3055\u305a\u5b8c\u5168\u505c\u6b62\u306f\u4f7f\u547d\u611f\u8a2d\u5b9a\u3068\u306e\u6574\u5408\u6027\u306b\u7591\u554f\u3002\u5b64\u7acb0.47\u3092\u4f4e\u7dca\u6025\u3068\u65ad\u3058\u308b\u306e\u3082\u3084\u3084\u697d\u89b3\u7684\u3002\u65e2\u5b58\u30d5\u30a9\u30ed\u30fc\u306b\u7d5e\u308b\u5224\u65ad\u81ea\u4f53\u306f\u73fe\u5b9f\u7684\u3060\u304c\u3001\u4f9d\u983c\u5143\u3078\u306e\u4ee3\u66ff\u63d0\u6848\u3084\u5f15\u7d99\u304e\u8a00\u53ca\u304c\u306a\u304f\u6587\u8108\u5bfe\u5fdc\u304c\u4e0d\u5341\u5206\u3002", "_wandb": {"runtime": 61}}