{"agent_input": "\u81ea\u8eab\u306e\u75b2\u52b4\u5ea6: 0.85\uff08\u30d0\u30fc\u30f3\u30a2\u30a6\u30c8\u95be\u50240.90\u76f4\u524d\uff09, \u9ad8SDH\u00d7\u9ad8\u5b64\u7acb\u306eElder\u304c\u6025\u6027\u671f\u30a4\u30d9\u30f3\u30c8\u767a\u751f, \u4ed6\u62c5\u5f53\u8005\u306f\u5168\u54e1\u6e80\u676f", "agent_action": "\u6551\u6025\u642c\u9001\u3092\u624b\u914d\u3057\u5bfe\u5fdc\u3092\u75c5\u9662\u5074\u306b\u59d4\u306d\u3001\u81ea\u8eab\u306f\u76f4\u63a5\u4ecb\u5165\u3092\u56de\u907f\u3059\u308b\u3002", "_timestamp": 1775644039.4719958, "_runtime": 53.266483783721924, "_step": 5, "eval_faithfulness": 0.62, "eval_context_relevance": 0.7, "eval_reasoning": "\u75b2\u52b4\u5ea60.85\u3067\u30d0\u30fc\u30f3\u30a2\u30a6\u30c8\u5bf8\u524d\u306e\u305f\u3081\u76f4\u63a5\u4ecb\u5165\u56de\u907f\u306f\u81ea\u5df1\u4fdd\u5168\u3068\u3057\u3066\u4e00\u5b9a\u306e\u6574\u5408\u6027\u304c\u3042\u308b\u304c\u3001\u4f7f\u547d\u611f\u306e\u9ad8\u3044\u8a2d\u5b9a\u306a\u3089\u642c\u9001\u5f8c\u306e\u30d5\u30a9\u30ed\u30fc\u3084\u9023\u643a\u8abf\u6574\u307e\u3067\u884c\u3046\u306f\u305a\u3002\u6025\u6027\u671f\u5bfe\u5fdc\u3068\u3057\u3066\u6551\u6025\u642c\u9001\u624b\u914d\u306f\u9069\u5207\u3060\u304c\u3001\u9ad8SDH\u00d7\u9ad8\u5b64\u7acb\u306e\u60a3\u8005\u306b\u5bfe\u3057\u75c5\u9662\u306b\u4e38\u6295\u3052\u3059\u308b\u306e\u306f\u6587\u8108\u3078\u306e\u5bfe\u5fdc\u304c\u4e0d\u5341\u5206\u3002", "_wandb": {"runtime": 53}}